Source,Harga Lama,Harga Baru,Judul,No. ISBN,Penerbit,Tanggal terbit,Jumlah Halaman,Berat,Jenis Cover,Dimensi(L x P),Kategori,Bonus,Text Bahasa
https://www.bukukita.com/Inspirasi-dan-Spiritual/Inspirasional/124042-NEZ-Inda-Club.html,Rp 94.500,,NEZ Inda Club,9786021258835,Matahari ,April - 2014,-,600 gr,Soft Cover,-,Inspirasional,-,Indonesia ··
https://www.bukukita.com/katalogbukuatribut.php?atrId=4&page=1,,,,,,,,,,,,,
https://www.bukukita.com/Buku-Novel/Romance/163926-Pesan-Dari-Bintang.html,Rp 125.000,,Pesan Dari Bintang,9786028740722,Lentera Hati ,Desember - 2019,528,500 gr,Soft Cover,13x20mm,Romance,-,Indonesia ··
https://www.bukukita.com/Sejarah-dan-Budaya/Sejarah-Indonesia/161370-Biografi-Resmi-Pierre-Tendean:-Sang-Patriot-Kisah-Seorang-Pahlawan-Revolusi.html,Rp 99.000,,Biografi Resmi Pierre Tendean: Sang Patriot-Kisah Seorang Pahlawan Revolusi,9786024126520,Kompas ,Maret - 2019,368,500 gr,Soft Cover,-,Sejarah Indonesia,-,Indonesia ·
https://www.bukukita.com/Hukum-dan-Undang-undang/Undang-undang/86300-Undang-Undang-Ketransmigrasian.html,Rp 31.500,,Undang-Undang Ketransmigrasian,978,Fokus Media ,2007,131,250 gr,Soft Cover,11x21mm,Undang-undang,-,Indonesia ··
https://www.bukukita.com/Psikologi-dan-Pengembangan-Diri/Pengembangan-Diri/160842-Crazy-And-Complete-Personality-Test-Kenali-Dirimu-Sendiri-dan-Orang-Lain.html,Rp 69.500,,Crazy And Complete Personality Test - Kenali Dirimu Sendiri dan Orang Lain,9786025907876,Psikologi Corner ,Januari - 2019,264,300 gr,Soft Cover,-,Pengembangan Diri,-,Indonesia ··
https://www.bukukita.com/Psikologi-dan-Pengembangan-Diri/Motivasi/162405-The-Seat-of-the-Soul:-Visi-Spiritual-tentang-Takdir-Manusia.html,Rp 49.000,,The Seat of the Soul: Visi Spiritual tentang Takdir Manusia,9786026117304,Alvabet ,2018,-,300 gr,Soft Cover,-,Motivasi,-,Indonesia ··
https://www.bukukita.com/Agama/Islam/108229-Dosa-Dosa-Besar.html,Rp 30.600,,Dosa-Dosa Besar,9789796656028,Angkasa ,2010,122,155 gr,Soft Cover (HVS),-,Islam,-,Indonesia ··
https://www.bukukita.com/Agama/Islam/168838-Maaf-Tuhan-Aku-Hampir-Porak-Poranda-Karena-Perasaan.html,Rp 74.900,,Maaf Tuhan Aku Hampir Porak - Poranda Karena Perasaan,9786026744999,sahima ,Februari - 2022,194,235 gr,Soft Cover,14x21mm,Islam,-,Indonesia ··
https://www.bukukita.com/Psikologi-dan-Pengembangan-Diri/Pengembangan-Diri/159617-THE-ART-OF-LISTENING:-Sudahkah-Anda-Benar-Benar-Mendengarkan?.html,Rp 39.800,,THE ART OF LISTENING: Sudahkah Anda Benar-Benar Mendengarkan?,9786025638695,Anak Hebat Indonesia ,Oktober - 2018,-,200 gr,Soft Cover,-,Pengembangan Diri,-,Indonesia ··
https://www.bukukita.com/Hukum-dan-Undang-undang/Undang-undang/86241-Undang-Undang-Perkeretaapian.html,Rp 40.500,,Undang-Undang Perkeretaapian (Undang-Undang Republik Indonesia Nomor 23 Tahun 2007),9786028189880,Fokus Media ,2009,356,150 gr,Soft Cover,11x21mm,Undang-undang,-,Indonesia ··
https://www.bukukita.com/Hobi-dan-Usaha/Perkebunan-Pertanian-Perikanan/108926-Bertanam-Tanaman-Buah-Dalam-Pot.html,Rp 31.000,,Bertanam Tanaman Buah Dalam Pot,9789790270801,Titian Ilmu ,2009,78,200 gr,Soft Cover,-,Perkebunan-Pertanian-Perikanan,-,Indonesia ··
https://www.bukukita.com/Psikologi-dan-Pengembangan-Diri/Psikologi/159650-Tes-Buta-Warna-Untuk-Semua-Keperluan.html,Rp 48.500,,Tes Buta Warna Untuk Semua Keperluan,9786025907098,Anak Hebat Indonesia ,Oktober - 2018,124,200 gr,Soft Cover,-,Psikologi,-,Indonesia ··
https://www.bukukita.com/Agama/Islam/166973-FILOSOFI-DOA.html,Rp 49.000,,"FILOSOFI DOA ( Dari penentraman hati , Pembangun Diri, hingga pengubah Nasib",9786237163411,Alifia Books ,November - 2020,200,250 gr,Soft Cover,-,Islam,-,Indonesia ··
https://www.bukukita.com/Buku-Novel/Remaja/111609-Dunia-Paralel-Anya.html,Rp 55.000,,Dunia Paralel Anya,9786021879528,MNM Artha Publishing ,Maret - 2013,-,250 gr,Soft Cover,-,Remaja,-,Indonesia ··
https://www.bukukita.com/Majalah/Busana-&-Kecantikan/131963-Anggun-dengan-Hijab-Gaun.html,Rp 37.800,,Anggun dengan Hijab Gaun (Full Color),9786021411568,MUTIARA ALAMAH ,Januari - 2015,-,200 gr,Soft Cover,-,Busana & Kecantikan,-,Indonesia ··
https://www.bukukita.com/Agama/Islam/74276-Hikmah-Shirah-Nabawiyyah.html,Rp 28.000,,Hikmah Shirah Nabawiyyah,602,Indiva Media Kreasi ,Oktober - 2009,-,200 gr,Soft Cover,-,Islam,-,Indonesia ··
https://www.bukukita.com/Buku-Novel/Petualangan/135985-Sherlock-Sam-dan-Pusaka-Yang-Hilang-Di-Katong.html,Rp 37.000,,Sherlock Sam dan Pusaka Yang Hilang Di Katong,9786027652729,Buah Hati ,Juni - 2015,112,300 gr,Soft Cover,-,Petualangan,-,Indonesia ··
https://www.bukukita.com/Agama/Islam/149010-Bertasawuf-di-Zaman-Edan-:-Hidup-Bersih.-Sederhana.-Mengabdi.html,Rp 79.000,,Bertasawuf di Zaman Edan : Hidup Bersih. Sederhana. Mengabdi,9786027595415,Republika ,Januari - 2017,410,400 gr,Soft Cover,-,Islam,-,Indonesia ··
"https://www.bukukita.com/Psikologi-dan-Pengembangan-Diri/Psikologi/168745-Berpegang-Pada-Kebenaran,-Bertindak-Dengan-Ketenangan.html",Rp 58.000,,"Berpegang Pada Kebenaran, Bertindak Dengan Ketenangan",9786237162926,Gemilang ,April - 2022,224,210 gr,Soft Cover,-,Psikologi,-,Indonesia ··
https://www.bukukita.com/Psikologi-dan-Pengembangan-Diri/Motivasi/125104-The-3-Keys-to-Empowerment.html,Rp 90.000,,The 3 Keys to Empowerment,9786028482714,MIC ,Mei - 2014,-,450 gr,Soft Cover,-,Motivasi,-,Indonesia ··
https://www.bukukita.com/Psikologi-dan-Pengembangan-Diri/Pengembangan-Diri/149034-Business-Mentoring-101.html,Rp 89.000,,Business Mentoring 101,9786027862357,MIC ,Februari - 2017,-,200 gr,Soft Cover,-,Pengembangan Diri,-,Indonesia ··
https://www.bukukita.com/Buku-Novel/Sastra/125457-Mengantar-Dari-Luar.html,Rp 90.000,,Mengantar Dari Luar ,9786021318065,Diandra Primamitra ,Maret - 2014,-,550 gr,Soft Cover,-,Sastra,-,Indonesia ··
https://www.bukukita.com/Anak-Anak/Cerita-Anak/161575-AL-BIRUNI-Guru-Segala-Ilmu.html,Rp 54.000,,AL-BIRUNI - Guru Segala Ilmu (Bilingual Indonesia-Inggris),9786022683339,Luxima ,Maret - 2019,-,200 gr,Soft Cover,-,Cerita Anak,-,"Indonesia, English ··"
https://www.bukukita.com/Agama/Islam/131413-The-Perfect-Muslimah-:-Para-Wanita-Shalihah-Terbaik-Sepanjang-Masa.html,Rp 86.500,,The Perfect Muslimah : Para Wanita Shalihah Terbaik Sepanjang Masa ,9786021361009,Diandra Primamitra ,Desember - 2014,-,500 gr,Soft Cover,-,Islam,-,Indonesia ··
https://www.bukukita.com/Non-Fiksi-Lainnya/Non-Fiksi-Umum/142436-Jomblo-Prinsip-atau-Nasib.html,Rp 29.000,,Jomblo Prinsip atau Nasib,9786021614495,Indiva Media Kreasi ,April - 2016,-,200 gr,Soft Cover,-,Non-Fiksi Umum,-,Indonesia ··
https://www.bukukita.com/Kesehatan-dan-Lingkungan/Pengetahuan-Kesehatan/131347-Hidup-Sehat-untuk-Golongan-Darah-AB.html,Rp 65.000,,Hidup Sehat untuk Golongan Darah AB,9786021310892,Prima ,Desember - 2014,-,300 gr,Soft Cover,-,Pengetahuan Kesehatan,-,Indonesia ··
https://www.bukukita.com/Referensi/Referensi-Umum/147007-Calak-Edu-4-:-Esai-Esai-Pendidikan-2012-2014.html,Rp 52.500,,Calak Edu 4 : Esai-Esai Pendidikan 2012-2014,9786029193657,Alvabet ,Mei - 2015,276,350 gr,Soft Cover,-,Referensi Umum,-,Indonesia ··
https://www.bukukita.com/Inspirasi-dan-Spiritual/Pendidikan-&-Pengajar/161741-Metode-Penelitian-Tindakan-Kelas.html,Rp 79.000,,Metode Penelitian Tindakan Kelas (Edisi Revisi),9786024463021,Remaja Rosdakarya ,April - 2019,-,500 gr,Soft Cover,-,Pendidikan & Pengajar,-,Indonesia ··
https://www.bukukita.com/Agama/Islam/161831-Ummahatul-Mukminin-Biografi-Ringkas-&-Sistematis-Sejarah-Kehidupan-Istri-Istri-Rasulullah.html,Rp 50.000,,Ummahatul Mukminin Biografi Ringkas & Sistematis Sejarah Kehidupan Istri-Istri Rasulullah,9786025806056,Khazanah Fawa'id ,April - 2019,-,350 gr,Soft Cover,-,Islam,-,Indonesia ··
https://www.bukukita.com/Buku-Novel/Komedi/165306-Ngakak-Bareng-+x+-+omorrow-x-+ogether.html,Rp 55.500,,Ngakak Bareng +x+ +omorrow x +ogether,9786232440692,Histeria ,Maret - 2020,-,240 gr,soft cover,-,Komedi,-,Indonesia ··
https://www.bukukita.com/Agama/Islam/161832-Tauhid-Kemanusiaan.html,Rp 95.000,,Tauhid Kemanusiaan,9786028995375,Pustaka Pesantren ,April - 2019,-,500 gr,Soft Cover,-,Islam,-,Indonesia ··
https://www.bukukita.com/Buku-Novel/Romance/151964-Under-The-New-York-Sky.html,Rp 34.500,,Under The New York Sky,9786026595287,Anak Hebat Indonesia ,Agustus - 2017,180,200 gr,Soft Cover,-,Romance,-,Indonesia ··
https://www.bukukita.com/Non-Fiksi-Lainnya/Non-Fiksi-Umum/148779-Janda-Janda-Korban-Terorisme-Di-Bali.html,Rp 100.000,,Janda-Janda Korban Terorisme Di Bali (Sebuah buku kisah nyata dari kejadian Bom Bali) (Disc 50%),9786021672525,PT. Percetakan Bali ,2017,-,200 gr,soft cover,-,Non-Fiksi Umum,-,Indonesia ··
https://www.bukukita.com/Kesehatan-dan-Lingkungan/Pengetahuan-Kesehatan/142164-Khasiat-Ajaib-Daun-Avokad.html,Rp 49.000,,Khasiat Ajaib Daun Avokad,9789790027060,Penebar swadaya ,April - 2016,-,200 gr,Soft Cover,-,Pengetahuan Kesehatan,-,Indonesia ··
https://www.bukukita.com/Buku-Sekolah/Sekolah-Menengah-Atas/133337-Tetralogi-Saintek-SMA-10-11-12-Ringkasan-Fismat-Biokim.html,Rp 86.000,,Tetralogi Saintek SMA 10/11/12 Ringkasan Fismat Biokim (FISIKA MATEMATIKA BIOLOGI KIMIA),9786021387252,Genta Smart Publisher ,Maret - 2015,-,450 gr,Soft Cover,-,Sekolah Menengah Atas,-,Indonesia ··
"https://www.bukukita.com/Anak-Anak/Islam/106607-Ternyata-Aku-Perlu-Tahu-Hadis,-Lho.html",Rp 55.000,,"Ternyata Aku Perlu Tahu Hadis, Lho (Full Color) BK",9786021804827,IKHLAS MEDIA ,September - 2012,-,350 gr,Soft Cover,-,Islam,-,Indonesia ··
https://www.bukukita.com/Agama/Al-Quran/144415-AL-AKRAM-Ukuran-A5-Per-Kata.html,Rp 58.500,,AL-AKRAM Ukuran A5 Per Kata (Cover Merah),-,Mulia Qur'an ,Juni - 2016,-,800 gr,hard cover,-,Al-Quran,-,Indonesia ··
https://www.bukukita.com/Psikologi-dan-Pengembangan-Diri/Pengembangan-Diri/166722-Berdamai-Dengan-Diri-Sendiri.html,Rp 94.500,,Berdamai Dengan Diri Sendiri (Hard Cover),9786232441736,Psikologi Corner ,September - 2020,-,300 gr,Hard Cover,-,Pengembangan Diri,-,Indonesia ··
https://www.bukukita.com/Sejarah-dan-Budaya/Sejarah-Agama/168847-Teladan-dan-Inspirasi-Para-Wanita-Tangguh-Sahabat-Nabi.html,Rp 88.000,,Teladan dan Inspirasi Para Wanita Tangguh Sahabat Nabi,9786232201330,Alvabet ,Mei - 2022,-,330 gr,Soft Cover,13x20mm,Sejarah Agama,-,Indonesia ··
https://www.bukukita.com/Agama/Islam/167599-Otewe-Berbenah:-Menyerap-Energi-Ayat-Ayat-Motivasi-Untuk-Hidup-Lebih-Baik.html,Rp 67.000,,Otewe Berbenah: Menyerap Energi Ayat-Ayat Motivasi Untuk Hidup Lebih Baik,9786237163695,Alifia Books ,Mei - 2021,304,315 gr,soft cover,-,Islam,-,Indonesia ··
https://www.bukukita.com/Buku-Novel/Fiksi/150287-Indonesia-Bercerita:-Kisah-Kisah-Rakyat-yang-Terlupakan.html,Rp 89.000,,Indonesia Bercerita: Kisah-Kisah Rakyat yang Terlupakan,9786026577078,Alvabet ,Mei - 2017,-,500 gr,Soft Cover,-,Fiksi,-,Indonesia ··
https://www.bukukita.com/Buku-Novel/Sejarah-Fiksi/155411-HANOMAN-:-Dalam-Wiracarita-Ramayana.html,Rp 84.500,,HANOMAN : Dalam Wiracarita Ramayana,9786025469589,Anak Hebat Indonesia ,Januari - 2018,416,400 gr,Soft Cover,-,Sejarah Fiksi,-,Indonesia ··
https://www.bukukita.com/Buku-Novel/Romance/152480-Love-Theft.html,Rp 89.000,,Love Theft,9786026682079,Inari  ,September - 2017,408,400 gr,Soft Cover,13x19mm,Romance,-,Indonesia ··
https://www.bukukita.com/Agama/Islam/127234-99-Panduan-muslim-Sehari-hari-in-Comic.html,Rp 59.500,,99 Panduan muslim Sehari-hari in Comic,9786021362105,Melvana ,Agustus - 2014,148,250 gr,Soft Cover,-,Islam,-,Indonesia ··
https://www.bukukita.com/Agama/Islam/70786-Arab-dalam-Novel.html,Rp 38.000,,Arab dalam Novel,9789791583688,E Nusantara ,2008,180,290 gr,Soft Cover,-,Islam,-,Indonesia ··
https://www.bukukita.com/Buku-Novel/Drama/125785-Blast-Heart.html,Rp 59.500,,Blast Heart,9786021139059,Change ,Juni - 2014,-,300 gr,Soft Cover,-,Drama,-,Indonesia ··
https://www.bukukita.com/Inspirasi-dan-Spiritual/Entrepreneurship/125869-The-Secret-of-Wealth-Creation-Cara-Mendapatkan-Kekayaan-Mulai-Dari-Nol.html,Rp 120.000,,The Secret of Wealth Creation - Cara Mendapatkan Kekayaan Mulai Dari Nol,9786028482769,MIC ,Juni - 2014,-,600 gr,Soft Cover,-,Entrepreneurship,DVD The Secret Of Wealth Creation,Indonesia ··
https://www.bukukita.com/Busana-dan-Kecantikan/Hijab-Tutorial/104553-HIJAB-STYLE-BY-HIJABERS-COMMUNITY:-THE-OFFICIAL-BOOK-OF-HIJABERS-COMMUNITY.html,Rp 68.000,,HIJAB STYLE BY HIJABERS COMMUNITY: THE OFFICIAL BOOK OF HIJABERS COMMUNITY (Disc 50%),9789790172364,KawanPustaka ,Juni - 2012,80,345 gr,soft cover,-,Hijab Tutorial,VCD 10 Tutorial gaya hijab favorit by HC,Indonesia ··
"https://www.bukukita.com/Non-Fiksi-Lainnya/Non-Fiksi-Umum/87924-Analisis-Framing-;-Konstruksi,-Ideologi,-dan-Politik-Media.html",Rp 70.000,,"Analisis Framing ; Konstruksi, Ideologi, dan Politik Media (EK) (2007)",9789799492692,Lkis ,April - 2007,312,450 gr,-,-,Non-Fiksi Umum,-,Indonesia ··
https://www.bukukita.com/Agama/Islam/167475-Fiqhun-Nafs:-Petuah-Dan-Teladan-Inspiratif-Dari-Ulama-Saleh.html,Rp 95.000,,Fiqhun Nafs: Petuah Dan Teladan Inspiratif Dari Ulama Saleh ,9786237163664,Alifia Books ,April - 2021,424,450 gr,soft cover,-,Islam,-,Indonesia ··
https://www.bukukita.com/Anak-Anak/Islam/165323-Kisah-Akhlak-Terpuji-25-Nabi-&-Rasul.html,Rp 69.500,,Kisah Akhlak Terpuji 25 Nabi & Rasul,9786232440418,Mueeza kids ,Maret - 2020,-,250 gr,soft cover,-,Islam,-,Indonesia ··
https://www.bukukita.com/Bahasa-dan-Kamus/Belajar-Bahasa/159645-Buku-Sakti-Belajar-Bahasa-Korea-Edisi-Revisi.html,Rp 51.800,,Buku Sakti Belajar Bahasa Korea - Edisi Revisi,9786026380302,Pusat Kajian Bahasa ,Oktober - 2018,-,250 gr,Soft Cover,-,Belajar Bahasa,-,
https://www.bukukita.com/Bahasa-dan-Kamus/Kamus-Umum/159610-Kamus-Pocket-Korea-Indonesia.html,Rp 57.800,,Kamus Pocket Korea - Indonesia,9786025638473,Pusat Kajian Bahasa ,Oktober - 2018,-,250 gr,Soft Cover,-,Kamus Umum,-,
https://www.bukukita.com/Non-Fiksi-Lainnya/Non-Fiksi-Umum/78862-TOGOG-Menggugat-Negeri-Maling.html,Rp 90.000,,TOGOG Menggugat Negeri Maling,9789793782560,Simbiosa Rekatama Media ,April - 2010,-,600 gr,Soft Cover,-,Non-Fiksi Umum,-,Indonesia ··
"https://www.bukukita.com/Agama/Islam/167335-Muhammad-Saw-:-Manusia-Paling-Sempurna,-Nabinya-Para-Nabi.html",Rp 125.000,,"Muhammad Saw : Manusia Paling Sempurna, Nabinya Para Nabi",9786232201040,Alvabet ,Februari - 2021,550,600 gr,Soft Cover,-,Islam,-,Indonesia ··
https://www.bukukita.com/Agama/Islam/125787-Setiap-Muslim-Wajib-Punya-Ini.html,Rp 64.500,,Setiap Muslim Wajib Punya Ini,9786021139035,Zahira ,Juni - 2014,-,320 gr,Soft Cover,-,Islam,-,Indonesia ··
"https://www.bukukita.com/Psikologi-dan-Pengembangan-Diri/Pengembangan-Diri/168229-Buku-Nikmati-Kegagalanmu,-Raih-Kesuksesanmu!-Pelajaran-Inspiratif.html",Rp 72.000,,"Buku Nikmati Kegagalanmu, Raih Kesuksesanmu! Pelajaran Inspiratif",9786237162872,Gemilang ,Agustus - 2021,300,250 gr,soft cover,-,Pengembangan Diri,-,Indonesia ··
https://www.bukukita.com/Agama/Al-Quran/144418-Al-Akhyar-A6.html,Rp 42.000,,Al-Akhyar A6 (Cover Hitam),-,Mulia Qur'an ,Juni - 2016,-,500 gr,Soft Cover,-,Al-Quran,-,Indonesia ··
https://www.bukukita.com/Bahasa-dan-Kamus/Belajar-Bahasa/160841-The-Amazing-Book-of-English-Vocabulary-for-Millenials.html,Rp 50.000,,The Amazing Book of English Vocabulary for Millenials,9786020770178,Pusat Kajian Bahasa ,Januari - 2019,224,250 gr,Soft Cover,-,Belajar Bahasa,-,
https://www.bukukita.com/Agama/Islam/135065-40-Kisah-Akhir-Hidup-Kezaliman-Makhluk-Makhluk-Allah.html,Rp 82.000,,40 Kisah Akhir Hidup Kezaliman Makhluk-Makhluk Allah,9786027720336,Lentera Hati ,Mei - 2015,-,450 gr,Soft Cover,-,Islam,-,Indonesia ··
https://www.bukukita.com/Agama/Islam/157622-Seri-Makhluk-Ghaib-:-Jin-dalam-Al-Quran.html,Rp 37.000,,Seri Makhluk Ghaib : Jin dalam Al-Quran,9786027720688,Lentera Hati ,Juli - 2018,-,210 gr,Soft Cover,-,Islam,-,Indonesia ··
https://www.bukukita.com/Non-Fiksi-Lainnya/Non-Fiksi-Umum/77421-Bijak-Dalam-5-Menit-:-Kumpulan-Pepatah-Bijak-yang-Bisa-Mengubah-Hidup-Anda.html,Rp 45.000,,Bijak Dalam 5 Menit : Kumpulan Pepatah Bijak yang Bisa Mengubah Hidup Anda,978,Lentera Hati ,Februari - 2010,-,300 gr,Soft Cover,-,Non-Fiksi Umum,-,Indonesia ··
https://www.bukukita.com/Agama/Islam/113554-Jangan-Jadi-Munafik!-Siapa-Saja-Bisa-Jadi-Munafik.html,Rp 64.900,,Jangan Jadi Munafik! Siapa Saja Bisa Jadi Munafik ,9789791096713,Pustaka Hidayah ,Mei - 2013,-,600 gr,Hard Cover,-,Islam,-,Indonesia ··
https://www.bukukita.com/Agama/Islam/155387-Kau-Rusukku-yang-Hilang:-Mendayung-Bahtera-Cinta-Bersamamu.html,Rp 54.500,,Kau Rusukku yang Hilang: Mendayung Bahtera Cinta Bersamamu,9786026673503,Anak Hebat Indonesia ,Februari - 2018,236,250 gr,Soft Cover,-,Islam,-,Indonesia ··
https://www.bukukita.com/Agama/Islam/114069-Bisikan-Hati-The-Voice-of-Heart.html,Rp 55.000,,Bisikan Hati - The Voice of Heart,9789793862606,Al Mawardi ,2013,-,500 gr,Hard Cover,-,Islam,-,Indonesia ··
https://www.bukukita.com/Agama/Islam/133284-Persiapan-Berhaji-untuk-Perempuan.html,Rp 36.000,,Persiapan Berhaji untuk Perempuan,9786027572324,Stiletto Book ,Maret - 2015,-,200 gr,Soft Cover,-,Islam,-,Indonesia ··
https://www.bukukita.com/Psikologi-dan-Pengembangan-Diri/Motivasi/155941-3-Langkah-Sukses-Dipanggil-Wawancara-Kerja.html,Rp 78.000,,3 Langkah Sukses Dipanggil Wawancara Kerja,9786027496941,Buku Aquarius ,April - 2018,177,240 gr,Soft Cover,-,Motivasi,-,Indonesia ··
https://www.bukukita.com/Agama/Islam/114133-ADAM-31-METER-:-Mencari-Tanda-Tangan-Tuhan-dan-Ayat-Ayat-Emas-Evolusi-dalam-Al-Qur.html,Rp 52.000,,ADAM 31 METER : Mencari Tanda Tangan Tuhan dan Ayat-Ayat Emas Evolusi dalam Al-Qur,9786028995269,Pustaka Pesantren ,Mei - 2012,264,400 gr,soft cover,-,Islam,-,Indonesia ··
"https://www.bukukita.com/Masakan-dan-Makanan/Kue/116386-Aneka-Pastel-Paling-Favorit,-Populer,-Istimewa.html",Rp 27.500,,"Aneka Pastel Paling Favorit, Populer, Istimewa (full color)",9786027991392,Dunia Kreasi ,Juli - 2013,-,150 gr,Soft Cover,-,Kue,-,Indonesia ··
https://www.bukukita.com/Buku-Novel/Romance/157037-Bukan-Istri-Bayaran.html,Rp 68.800,,Bukan Istri Bayaran (2018),9786025849022,Buku Pintar Indonesia ,Mei - 2018,-,250 gr,Soft Cover,-,Romance,-,Indonesia ··
https://www.bukukita.com/Psikologi-dan-Pengembangan-Diri/Motivasi/154474-Give-More-HELP-PROSPECTS-TO-BUY-Rahasia-Menangani-Keberatan-Dengan-Efektif.html,Rp 170.000,,Give More HELP PROSPECTS TO BUY - Rahasia Menangani Keberatan Dengan Efektif,9786020956190,MIC ,Januari - 2018,-,800 gr,Hard Cover,-,Motivasi,-,Indonesia ··
https://www.bukukita.com/Orang-Tua-dan-Keluarga/Orang-Tua-dan-Anak/154007-GOLDEN-AGE-parenting:-Memaksimalkan-Potensi-Anak-di-Usia-Emas.html,Rp 39.500,,GOLDEN AGE parenting: Memaksimalkan Potensi Anak di Usia Emas,9786026673107,Anak Hebat Indonesia ,November - 2017,212,250 gr,Soft Cover,-,Orang Tua dan Anak,-,Indonesia ··
https://www.bukukita.com/Agama/Islam/155737-Kearifan-Islam.html,Rp 49.000,,Kearifan Islam,9789799980397,Alvabet ,Maret - 2018,258,300 gr,Soft Cover,-,Islam,-,Indonesia ··
https://www.bukukita.com/Agama/Islam/129356-FABEL-AL-QURAN-:-16-Kisah-Binatang-Istimewa-Yang-Diabadikan-Al-Quran.html,Rp 118.000,,FABEL AL-QUR'AN : 16 Kisah Binatang Istimewa Yang Diabadikan Al-Quran,9786027720251,Lentera Hati ,Oktober - 2014,482,500 gr,Soft Cover,-,Islam,-,Indonesia ··
https://www.bukukita.com/Agama/Islam/163648-Tafsir-Tarbawi:-Nilai-nilai-Pendidikan-dalam-Al-Quran.html,Rp 88.000,,Tafsir Tarbawi: Nilai-nilai Pendidikan dalam Al-Quran,9786027720954,Lentera Hati ,Oktober - 2019,289,300 gr,Soft Cover,-,Islam,-,Indonesia ··
"https://www.bukukita.com/Agama/Islam/168017-Tarikhul-Anbiya-:-Kisah,-Hikmah,-Dan-Teladan-Para-Nabi,-Rasul.html",Rp 189.000,,"Tarikhul Anbiya : Kisah, Hikmah, Dan Teladan Para Nabi, Rasul",9786232201125,Alvabet ,Juli - 2021,688,900 gr,Hard Cover,-,Islam,-,Indonesia ··
https://www.bukukita.com/Buku-Novel/Islam/165437-Ana-Uhibbuka-Oppa!.html,Rp 52.500,,Ana Uhibbuka Oppa!,9786232441248,Histeria ,Maret - 2020,-,260 gr,soft cover,-,Islam,-,Indonesia ··
https://www.bukukita.com/Buku-Novel/Sejarah-Fiksi/168615-Ya-juj-&-Ma-juj-:-Riwayat-Sang-Penghancur-Peradaban-Bangsa-Bangsa-di-Dunia-Sepanjang-Zaman.html,Rp 110.000,,Ya juj & Ma juj : Riwayat Sang Penghancur Peradaban Bangsa-Bangsa di Dunia Sepanjang Zaman,9786232201286,Alvabet ,Maret - 2022,464,500 gr,Soft Cover,-,Sejarah Fiksi,-,Indonesia ··
https://www.bukukita.com/Hukum-dan-Undang-undang/Sosial-Politik/142463-Dinamika-Konsolidasi-Demokrasi.html,Rp 90.000,,Dinamika Konsolidasi Demokrasi  (Disc 50%),9789794619650,Yayasan Obor Indonesia ,2015,316,310 gr,Soft Cover,-,Sosial-Politik,-,Indonesia ··
https://www.bukukita.com/Anak-Anak/Pendidikan-Anak/127453-Activity-Book-Buku-Petualangan-Paddle-Pop-Dinoterra.html,Rp 44.000,,Activity Book - Buku Petualangan Paddle Pop Dinoterra,9786027002906,Batavia Imaji ,Agustus - 2014,-,100 gr,Soft Cover,-,Pendidikan Anak,-,Indonesia ··
https://www.bukukita.com/Agama/Islam/112613-Menjawab-Dakwah-Kaum-Salafi.html,Rp 59.000,,Menjawab Dakwah Kaum Salafi (2013),9786021757604,Khatulistiwa Press ,April - 2013,-,300 gr,Soft Cover,-,Islam,-,Indonesia ··
https://www.bukukita.com/Sejarah-dan-Budaya/Kebudayaan/167695-Kebijakan-Pengelolaan-Wisata-Ekoreligi-Berkelanjutan-Berbasis-Mayarakat-Adat-Bali.html,Rp 135.000,,Kebijakan Pengelolaan Wisata Ekoreligi Berkelanjutan Berbasis Mayarakat Adat Bali,-,Tim Penulis Ni Nyoman ,April - 2021,261,350 gr,Soft Cover,140x210mm,Kebudayaan,-,Indonesia ··
https://www.bukukita.com/Sejarah-dan-Budaya/Sejarah-Dunia/168471-Mekkah-dan-Madinah.html,Rp 189.000,,Mekkah dan Madinah ( Hard Cover ,9786232201194,Alvabet ,Januari - 2022,-,850 gr,HARD COVER,-,Sejarah Dunia,-,Indonesia ··
https://www.bukukita.com/Edukasi/Lain-lain/113610-Mendidik-Anak-Cinta-Al-quran.html,Rp 39.000,,,,,Mei - 2013,-,300 gr,Soft Cover,-,Lain-lain,-,Indonesia ··
https://www.bukukita.com/Buku-Novel/Sosial-Budaya/92797-Kontrakan-18.html,Rp 20.000,,Kontrakan 18,9789792553499,Lkis ,Mei - 2011,74,150 gr,Soft Cover,-,Sosial-Budaya,-,Indonesia ··
https://www.bukukita.com/Agama/Islam/166877-Mengejar-kasih-sayang-Allah.html,Rp 35.000,,Mengejar kasih sayang Allah,9789791095099,Bukukita.com ,Oktober - 2020,-,250 gr,Soft Cover,-,Islam,-,Indonesia ··
https://www.bukukita.com/Anak-Anak/Pendidikan-Anak/163272-Mukena-untuk-Alin.html,Rp 39.000,,Mukena untuk Alin (Seri Pendidikan Akhlak untuk Anak),9786025701047,Indiva Media Kreasi ,Agustus - 2019,-,200 gr,Soft Cover,-,Pendidikan Anak,-,Indonesia ··
https://www.bukukita.com/Psikologi-dan-Pengembangan-Diri/Psikologi/167115-Nyalakan-Lilinmu.html,Rp 85.000,,Nyalakan Lilinmu,9786237162681,Gemilang ,November - 2020,-,350 gr,Soft Cover,-,Psikologi,-,Indonesia ··
https://www.bukukita.com/Bahasa-dan-Kamus/Belajar-Bahasa/159634-Panduan-Menghadapi-Ujian-Internasional-Kemampuan-Bahasa-Jepang-N4.html,Rp 55.500,,Panduan Menghadapi Ujian Internasional Kemampuan Bahasa Jepang N4,9786025907210,Pusat Kajian Bahasa ,Oktober - 2018,-,300 gr,Soft Cover,-,Belajar Bahasa,-,
"https://www.bukukita.com/Masakan-dan-Makanan/Resep-Masakan/124765-Serba-Pangsit-Paling-Favorit,-Populer,-Istimewa.html",Rp 29.000,,"Serba Pangsit Paling Favorit, Populer, Istimewa",9786027991767,Dunia Kreasi ,Mei - 2014,-,150 gr,Soft Cover,-,Resep Masakan,-,Indonesia ··
https://www.bukukita.com/Sejarah-dan-Budaya/Sejarah-Dunia/142472-Stalin:-Kisah-kisah-yang-Tak-Terungkap.html,Rp 199.000,,Stalin: Kisah-kisah yang Tak Terungkap,9789793064956,Alvabet ,2015,920,1250 gr,Hard Cover,-,Sejarah Dunia,-,Indonesia ··
https://www.bukukita.com/Sejarah-dan-Budaya/Sejarah-Indonesia/82800-Kelah-Sang-Demang-Jahja-Datoek.html,Rp 111.000,,Kelah Sang Demang Jahja Datoek,9789791283588,Lkis ,2008,512,350 gr,Soft Cover,-,Sejarah Indonesia,-,Indonesia ··
https://www.bukukita.com/Anak-Anak/Membaca-&-Menulis/161845-Permulaan-Belajar-Baca-Tulis-&-Hitung-untuk-TK-4-6-Tahun.html,Rp 76.000,,Permulaan Belajar Baca-Tulis & Hitung untuk TK 4-6 Tahun,9786025250972,Pustaka Ilham ,Maret - 2019,176,350 gr,Soft Cover,-,Membaca & Menulis,-,Indonesia ··
https://www.bukukita.com/Hukum-dan-Undang-undang/Undang-undang/131840-Kitab-Undang-Undang-Ekonomi-Syariah.html,Rp 63.500,,Kitab Undang-Undang Ekonomi Syariah,9786028733519,Fokus Media ,Januari - 2015,-,450 gr,Soft Cover,-,Undang-undang,-,Indonesia ··
https://www.bukukita.com/Ekonomi-dan-Manajemen/Ekonomi-Syariah/155866-Fikih-Muamalah-Maliyyah:-Akad-Jual-Beli.html,Rp 93.000,,Fikih Muamalah Maliyyah: Akad Jual-Beli,9786027973510,Simbiosa Rekatama Media ,Maret - 2018,-,400 gr,Soft Cover,-,Ekonomi Syariah,-,Indonesia ··
https://www.bukukita.com/Psikologi-dan-Pengembangan-Diri/Pengembangan-Diri/163859-Literasi-Menggerakkan-Negeri.html,Rp 99.000,,Literasi Menggerakkan Negeri,9786028740678,Literati-books ,November - 2019,302,350 gr,Soft Cover,13x20mm,Pengembangan Diri,-,Indonesia ··
https://www.bukukita.com/Anak-Anak/Pendidikan-Anak/135746-Buku-Aktivitas-PG-PAUD-semester-2.html,Rp 19.000,,Buku Aktivitas PG/PAUD semester 2,9786029237146,Happy Holy Kids ,Juni - 2015,-,150 gr,Soft Cover,-,Pendidikan Anak,-,Indonesia ··
https://www.bukukita.com/Agama/Islam/155367-Misteri-Kehidupan-Alam-Barzakh.html,Rp 54.500,,Misteri Kehidupan Alam Barzakh,9786025469657,Anak Hebat Indonesia ,Februari - 2018,252,250 gr,Soft Cover,-,Islam,-,Indonesia ··
https://www.bukukita.com/Psikologi-dan-Pengembangan-Diri/Motivasi/109863-Benarkah-Engkau-Mencintainya-:-Filosofi-Patah-Hati-dan-Pacaran-yang-Sejati.html,Rp 39.000,,Benarkah Engkau Mencintainya : Filosofi Patah Hati dan Pacaran yang Sejati ,9786028995382,Pustaka Pesantren ,Januari - 2013,190,200 gr,Soft Cover (HVS),-,Motivasi,-,Indonesia ··
https://www.bukukita.com/Hobi-dan-Usaha/Adult-Coloring/148104-Coloring-For-Hidden-Words.html,Rp 65.000,,Coloring For Hidden Words,9786023080618,Kurniaesa ,Desember - 2016,-,350 gr,Soft Cover,-,Adult Coloring,-,Indonesia ··
https://www.bukukita.com/Psikologi-dan-Pengembangan-Diri/Motivasi/151954-Give-More-Help-Prospects-To-Buy-Kisah-dan-Ide-Penjualan-yang-Mengubah-Kehidupan.html,Rp 175.000,,Give More Help Prospects To Buy - Kisah dan Ide Penjualan yang Mengubah Kehidupan,9786020956503,MIC ,Agustus - 2017,-,850 gr,Hard Cover,-,Motivasi,Free Audio Book,Indonesia ··
https://www.bukukita.com/Agama/Islam/113603-Kepribadian-Rasulullah.html,Rp 85.000,,Kepribadian Rasulullah,9786029919998,Khatulistiwa Press ,2013,-,350 gr,Hard Cover,-,Islam,-,Indonesia ··
https://www.bukukita.com/Agama/Islam/113580-Mengarungi-Samudera-Ibadah.html,Rp 54.000,,Mengarungi Samudera Ibadah (2013),9789791096881,Pustaka Hidayah ,2013,-,300 gr,Soft Cover,-,Islam,-,Indonesia ··
https://www.bukukita.com/Buku-Sekolah/Taman-Kanak-Kanak/135754-DOT-TO-DOT-TK-A-semester-2.html,Rp 19.000,,DOT TO DOT TK A semester 2,9786029237252,Happy Holy Kids ,Juni - 2015,-,200 gr,Soft Cover,-,Taman Kanak-Kanak,-,Indonesia ··
https://www.bukukita.com/Agama/Islam/125906-Pahamilah-Firman-Firman-Ku.html,Rp 49.500,,Pahamilah Firman-Firman-Ku,9786029574180,Pustaka Al-Fadhilah ,Juni - 2014,-,260 gr,Soft Cover,-,Islam,-,Indonesia ··
https://www.bukukita.com/Buku-Sekolah/Penunjang-Pelajaran/146049-Soal-Soal-Ulangan-Kelas-6-SD.html,Rp 45.000,,Soal-Soal Ulangan Kelas 6 SD,9786023080182,Kurniaesa ,September - 2016,-,350 gr,Soft Cover,-,Penunjang Pelajaran,-,Indonesia ··
https://www.bukukita.com/Buku-Novel/Suspense/58000-Queen-of-Violin-:-Kala-Sang-Ratu-Berbisik.html,Rp 37.000,,Queen of Violin : Kala Sang Ratu Berbisik (2006),9789791602105,Jakarta Exclusive ,2006,267,250 gr,Soft Cover,-,Suspense,-,Indonesia ··
https://www.bukukita.com/Psikologi-dan-Pengembangan-Diri/Pengembangan-Diri/122355-Inspirational-Moments.html,Rp 35.000,,Inspirational Moments,9786021526156,Diandra Primamitra ,Januari - 2014,-,200 gr,Soft Cover,-,Pengembangan Diri,-,Indonesia ··
https://www.bukukita.com/Buku-Sekolah/Penunjang-Pelajaran/147540-Cerdas-Tangkas-Libas-UN-SMK-2017.html,Rp 65.000,,Cerdas Tangkas Libas UN SMK 2017,9786023080564,Rexa Pustaka ,November - 2016,-,250 gr,Soft Cover,-,Penunjang Pelajaran,-,Indonesia ··
"https://www.bukukita.com/Busana-dan-Kecantikan/Aksesoris/132644-Cepol&Sanggul-Cantik,-Praktis&Elegan-Untuk-Segala-Acara.html",Rp 65.000,,"Cepol&Sanggul Cantik, Praktis&Elegan Untuk Segala Acara",9786021010273,Prima ,Februari - 2015,-,250 gr,Soft Cover,-,Aksesoris,-,Indonesia ··
https://www.bukukita.com/Agama/Islam/113925-Meraih-Kebahagiaan-Hidup-dengan-Zikir-dan-Doa.html,Rp 30.000,,Meraih Kebahagiaan Hidup dengan Zikir dan Doa,9786029247190,Al Mawardi ,Mei - 2013,-,200 gr,Soft Cover,-,Islam,-,Indonesia ··
https://www.bukukita.com/Anak-Anak/Pendidikan-Anak/163271-Billa-Bung-Sulung-Liburan-Penuh-Tantangan.html,Rp 30.000,,Billa Bung Sulung - Liburan Penuh Tantangan (Seri Pendidikan Akhlak untuk Anak),9786026334107,Indiva Media Kreasi ,Agustus - 2019,-,200 gr,Soft Cover,-,Pendidikan Anak,-,Indonesia ··
https://www.bukukita.com/Bahasa-dan-Kamus/Belajar-Bahasa/108041-99-Topical-Conversation.html,Rp 53.900,,99 Topical Conversation,9794045780,Angkasa ,November - 2012,196,100 gr,Soft Cover (HVS),-,Belajar Bahasa,-,
https://www.bukukita.com/Buku-Novel/Remaja/114546-Gravitasi-cover-berwarna-merah.html,Rp 60.000,,Gravitasi - cover berwarna merah,9786021835715,Studio Geometry ,Juni - 2013,206,200 gr,Soft Cover (BookPaper),-,Remaja,-,Indonesia ··
https://www.bukukita.com/Agama/Islam/87974-Khotbah-Jumat-:-Pemberdayaan-Masyarakat-Sipil.html,Rp 46.000,,Khotbah Jumat : Pemberdayaan Masyarakat Sipil,9798452461,Lkis ,September - 2008,226,200 gr,-,-,Islam,-,Indonesia ··
https://www.bukukita.com/Buku-Novel/Romance/138043-Sesaat-di-keabadian.html,Rp 64.000,,Sesaat di keabadian (Edisi TTD),9789797808358,Enter!Media ,Oktober - 2015,136,95 gr,Soft Cover,-,Romance,TTD Penulis+Diskon 20%,Indonesia ··
https://www.bukukita.com/Anak-Anak/Pendidikan-Anak/154770-Panduan-Memilih-20-Mainan-Terbaik-Sepanjang-Masa.html,Rp 75.000,,Panduan Memilih 20 Mainan Terbaik Sepanjang Masa (Hard Cover),9789791971676,Luxima ,2018,-,400 gr,Hard Cover,-,Pendidikan Anak,-,Indonesia ··
https://www.bukukita.com/Inspirasi-dan-Spiritual/Inspirasional/81961-Jaman-Penjor-:-80-Kisah-Inspiratif-&-Mencerahkan.html,Rp 48.000,,Jaman Penjor : 80 Kisah Inspiratif & Mencerahkan,9786028597371,Leutika ,Juli - 2010,-,300 gr,-,-,Inspirasional,-,Indonesia ··
https://www.bukukita.com/Agama/Islam/128578-Utusan-Rasulullah.html,Rp 35.600,,Utusan Rasulullah,-,Angkasa ,September - 2014,-,160 gr,Soft Cover,-,Islam,-,Indonesia ··
https://www.bukukita.com/Buku-Murah-dan-Promo-2021/Buku-Murah-Disc-Up-To-75/133617-Kumpulan-Doa-Dalam-Suka-&-Duka.html,Rp 25.000,,Kumpulan Doa Dalam Suka & Duka (Ramadhan_2017) (Disc 50%),9786022492788,Buana Ilmu Populer ,2013,-,150 gr,Soft Cover,-,Buku Murah Disc Up To 75,-,Indonesia ··
https://www.bukukita.com/Agama/Islam/131978-Halal-Haram-Dalam-Islam.html,Rp 110.000,,Halal Haram Dalam Islam,9786027049598,MUTIARA ALAMAH ,Januari - 2015,-,600 gr,Hard Cover,-,Islam,-,Indonesia ··
https://www.bukukita.com/Referensi/Referensi-Umum/112043-Top-15-Mecha-Anime.html,Rp 55.000,,Top 15 Mecha Anime (Full Color),9789790142015,Pacu Minat Baca ,Maret - 2013,-,300 gr,Soft Cover,-,Referensi Umum,-,Indonesia ··
https://www.bukukita.com/Hukum-dan-Undang-undang/Undang-undang/131837-Undang-Undang-Pengelolaan-Sumber-Daya-Air.html,Rp 29.000,,Undang-Undang Pengelolaan Sumber Daya Air,9786027842717,Fokus Media ,Januari - 2015,-,250 gr,Soft Cover,-,Undang-undang,-,Indonesia ··
https://www.bukukita.com/Psikologi-dan-Pengembangan-Diri/Motivasi/94685-Anda-Layak-Jadi-Miliarder.html,Rp 40.000,,Anda Layak Jadi Miliarder,9789793782744,Simbiosa Rekatama Media ,Juli - 2011,-,200 gr,Soft Cover,-,Motivasi,-,Indonesia ··
https://www.bukukita.com/Inspirasi-dan-Spiritual/Inspirasional/119749-Young-Divas.html,Rp 52.000,,"Young Divas (Taylor Swift, Demi Lovato, Selena Gomez, Miley Cyrus)",9786027618572,Kurniaesa ,November - 2013,-,160 gr,Soft Cover,-,Inspirasional,-,Indonesia ··
https://www.bukukita.com/Hukum-dan-Undang-undang/Undang-undang/124443-Undang-Undang-Kepemudaan.html,Rp 29.000,,Undang-Undang Kepemudaan,9786027842359,Fokus Media ,2013,-,170 gr,Soft Cover,-,Undang-undang,-,Indonesia ··
https://www.bukukita.com/Non-Fiksi-Lainnya/Non-Fiksi-Umum/75132-Misteri-Misteri-Terbesar-Indonesia-2.html,Rp 33.300,,Misteri-Misteri Terbesar Indonesia #2,9789791032162,BukuKatta ,November - 2009,-,220 gr,Soft Cover,-,Non-Fiksi Umum,-,Indonesia ··
https://www.bukukita.com/Busana-dan-Kecantikan/Hijab-Tutorial/122735-Hijab-Turban.html,Rp 39.500,,Hijab Turban,9786027991613,Dunia Kreasi ,Februari - 2014,-,200 gr,Soft Cover,-,Hijab Tutorial,-,Indonesia ··
https://www.bukukita.com/Komik/Comic/123833-Gebrakan-AHOK.html,Rp 50.000,,Gebrakan AHOK,9786021875476,Fatiha ,April - 2014,-,200 gr,Soft Cover,-,Comic,-,Indonesia ··
https://www.bukukita.com/Buku-Novel/Remaja/70095-Manajemen-Cinta-Anak-Gaul.html,Rp 8.000,,Manajemen Cinta Anak Gaul (2007),9789791354004,Pena Saran Media ,2007,56,50 gr,Soft Cover,-,Remaja,-,Indonesia ··
https://www.bukukita.com/Buku-Novel/Remaja/164067-Asmara-bukan-Ramayana.html,Rp 84.000,,Asmara bukan Ramayana (novel roman),9786239053420,Reynara ,Desember - 2019,-,300 gr,Soft Cover,-,Remaja,-,Indonesia ··
https://www.bukukita.com/Agama/Islam/128480-Sehat&Kuat-Seperti-Nabi-Muhammad.html,Rp 84.500,,Sehat&Kuat Seperti Nabi Muhammad,9786021139394,Adi Bintang ,September - 2014,-,300 gr,Soft Cover,-,Islam,-,Indonesia ··
https://www.bukukita.com/Psikologi-dan-Pengembangan-Diri/Pengembangan-Diri/163361-Unleash-The-Real-You.html,Rp 49.800,,Unleash The Real You,716061891,Elex Media Komputindo ,November - 2016,-,200 gr,Soft Cover,-,Pengembangan Diri,-,Indonesia ··
https://www.bukukita.com/Buku-Sekolah/Sekolah-Menengah-Pertama/133235-Smp-Kl-7-9-Kamus-Canggih-Biologi.html,Rp 46.000,,Smp Kl 7-9 Kamus Canggih Biologi,9786023080052,Kurniaesa ,Maret - 2015,-,150 gr,Soft Cover,-,Sekolah Menengah Pertama,-,Indonesia ··
https://www.bukukita.com/Agama/Islam/91721-Sehat-Holistik-ala-Rasulullah.html,Rp 120.000,,Sehat Holistik ala Rasulullah (2011),9789793862798,Al Mawardi ,April - 2011,-,700 gr,Hard Cover,-,Islam,-,Indonesia ··
https://www.bukukita.com/Biografi-dan-Memoar/Memoar/82808-KH.-Badri-Masduki-:-Kiprah-dan-Keteladanan.html,Rp 39.000,,KH. Badri Masduki : Kiprah dan Keteladanan,9789798452406,Pustaka Pesantren ,2008,18,250 gr,Soft Cover,-,Memoar,-,Indonesia ··
https://www.bukukita.com/Agama/Al-Quran/101977-MUSHAF-AL-KABIR.html,Rp 110.000,,MUSHAF AL-KABIR (cover warna biru),-,Fokus Media ,2012,-,1500 gr,Hard Cover,-,Al-Quran,-,Indonesia ··
https://www.bukukita.com/Komputer-dan-Internet/Internet/107280-Siap-Check-in-forsquare.html,Rp 28.000,,Siap Check-in forsquare (Panduan Lengkap Jejaring Sosial Terheboh),9786029726336,Titik Media ,2010,92,100 gr,Soft Cover (Book Paper),-,Internet,-,Indonesia ··
https://www.bukukita.com/Hobi-dan-Usaha/Keterampilan-&-Desain/139164-25-Pernik-Dari-Kain-Dari-Hobi-Menjadi-Bisnis.html,Rp 57.500,,25 Pernik Dari Kain - Dari Hobi Menjadi Bisnis,9789790639799,Bestari Buana Murni ,Desember - 2015,-,350 gr,Soft Cover,-,Keterampilan & Desain,-,Indonesia ··
https://www.bukukita.com/Referensi/Referensi-Umum/150645-Panji-Angreni-Keberpautan-Kelisanan-Dengan-Keberaksaraan.html,Rp 60.000,,Panji Angreni Keberpautan Kelisanan Dengan Keberaksaraan,9789791012591,Wedatama Widya Sastra ,Juni - 2017,-,250 gr,Soft Cover,-,Referensi Umum,-,Indonesia ··
https://www.bukukita.com/Buku-Novel/Suspense/78797-Kemamang.html,Rp 75.000,,Kemamang,-,Kurniaesa ,April - 2010,-,500 gr,Soft Cover,-,Suspense,-,Indonesia ··
https://www.bukukita.com/Inspirasi-dan-Spiritual/Kiat-Sukses/81952-3-Kunci-Lepas-Subsidi.html,Rp 29.000,,3 Kunci Lepas Subsidi,9786028597401,Leutika ,Juli - 2010,131,100 gr,Soft Cover,-,Kiat Sukses,-,Indonesia ··
https://www.bukukita.com/Non-Fiksi-Lainnya/Kisah-Nyata/81954-8-Hari-di-Negeri-Paman-Ho.html,Rp 40.000,,8 Hari di Negeri Paman Ho,9786028597319,Leutika ,Juli - 2010,174,200 gr,Soft Cover,-,Kisah Nyata,-,Indonesia ··
https://www.bukukita.com/Buku-Novel/Fantasi/56061-Turquoise-:-Kisah-Sang-Singa-Perkasa-Dari-Kohina.html,Rp 59.000,,Turquoise : Kisah Sang Singa Perkasa Dari Kohina ,9789791394024,Escaeva ,November - 2007,-,450 gr,Soft Cover,-,Fantasi,-,Indonesia ··
https://www.bukukita.com/Buku-Novel/Mistery-Thriller/57999-Prince-of-Rockn-Roll-:-Sang-Pengintai.html,Rp 36.000,,Prince of Rock'n Roll : Sang Pengintai,9789791602129,Jakarta Exclusive ,2006,211,180 gr,Soft Cover,-,Mistery-Thriller,-,Indonesia ··
https://www.bukukita.com/Agama/Islam/135193-Setiap-Hari-Bisa-Menghafal-Dzikir&Doa.html,Rp 49.500,,Setiap Hari Bisa Menghafal Dzikir&Doa (2015),9786023720095,Adi Bintang ,Mei - 2015,-,250 gr,Soft Cover,-,Islam,-,Indonesia ··
https://www.bukukita.com/Buku-Novel/Komedi/81958-Emak2-Fesbuker-Mencari-Cinta.html,Rp 40.000,,Emak2 Fesbuker Mencari Cinta,9786028597425,Leutika ,Juli - 2010,228,200 gr,Soft Cover,-,Komedi,-,Indonesia ··
https://www.bukukita.com/Agama/Islam/114114-Amplop-Rezeki.html,Rp 54.500,,Amplop Rezeki,9789793862811,Al Mawardi ,Mei - 2013,-,350 gr,Soft Cover,-,Islam,-,Indonesia ··
https://www.bukukita.com/Referensi/Referensi-Umum/150644-Aspek-Kesastraan-Panji-Angreni-Edisi-Revisi.html,Rp 75.000,,Aspek Kesastraan Panji Angreni Edisi Revisi,9789791012584,Wedatama Widya Sastra ,Juni - 2017,-,450 gr,Soft Cover,-,Referensi Umum,-,Indonesia ··
https://www.bukukita.com/Agama/Al-Quran/92315-AL-QALAM-AL-QURAN-DAN-TERJEMAHNYA.html,Rp 125.000,,AL QALAM - AL QURAN DAN TERJEMAHNYA,-,Fokus Media ,Mei - 2011,668,1350 gr,Hard Cover,-,Al-Quran,-,Indonesia ··
https://www.bukukita.com/Anak-Anak/Pendidikan-Anak/122615-English-For-Children-Beginner-1-2.html,Rp 48.000,,English For Children Beginner 1-2 (Paket),-,Wedatama Widya Sastra ,Februari - 2014,-,200 gr,Soft Cover,-,Pendidikan Anak,-,"Indonesia, English ··"
https://www.bukukita.com/Psikologi-dan-Pengembangan-Diri/Pengembangan-Diri/167333-Hidup-Berjaya-Dan-Sejahtera:-Empat-Jurus-Membangkit.html,Rp 75.000,,Hidup Berjaya Dan Sejahtera: Empat Jurus Membangkit,9786237162728,Gemilang ,Februari - 2021,345,300 gr,Soft Cover,-,Pengembangan Diri,-,Indonesia ··
https://www.bukukita.com/Agama/Islam/114076-Jangan-Abaikan-Doa-Ayah.html,Rp 55.000,,Jangan Abaikan Doa Ayah ,9789793862644,Al Mawardi ,2013,-,350 gr,Hard Cover,-,Islam,-,Indonesia ··
https://www.bukukita.com/Ekonomi-dan-Manajemen/Ekonomi/120432-Kretek-Pusaka-Nusantara.html,Rp 33.000,,Kretek Pusaka Nusantara,9786021404805,Diandra Primamitra ,Juni - 2013,-,250 gr,Soft Cover,-,Ekonomi,-,Indonesia ··
https://www.bukukita.com/Agama/Islam/164063-Tuntunan-lengkap-wajib-&-sunnah-:-HAJI-dan-UMRAH.html,Rp 55.000,,Tuntunan lengkap wajib & sunnah : HAJI dan UMRAH ( palapa ) ,9786025359255,MUTIARA ALAMAH ,Desember - 2019,-,200 gr,Soft Cover,-,Islam,-,Indonesia ··
https://www.bukukita.com/Bahasa-dan-Kamus/Belajar-Bahasa/131086-Jurus-Kilat-Menguasai-Sastra-Indonesia.html,Rp 35.000,,Jurus Kilat Menguasai Sastra Indonesia,9786021137369,Laskar Aksara ,Desember - 2014,-,160 gr,Soft Cover,-,Belajar Bahasa,-,
https://www.bukukita.com/Agama/Islam/167601-Lentera-Shalat:-Menemukan-Rahasia-Keindahan-Shalat-untuk-Meningkatkan.html,Rp 55.000,,Lentera Shalat: Menemukan Rahasia Keindahan Shalat untuk Meningkatkan,9786237163701,Alifia Books ,Mei - 2021,224,350 gr,soft cover,-,Islam,-,Indonesia ··
https://www.bukukita.com/Agama/Islam/161960-Islam-Yang-Hilang-dari-Kita:-AKHLAK.html,Rp 115.000,,Islam Yang Hilang dari Kita: AKHLAK ( Cover Baru ) ,9786027720480,Lentera Hati ,Mei - 2019,-,400 gr,Soft Cover,-,Islam,-,Indonesia ··
https://www.bukukita.com/Psikologi-dan-Pengembangan-Diri/Pengembangan-Diri/163408-The-Power-of-Etiquette-Kiat-Sukses-Memasuki-Pergaulan-Modern.html,Rp 100.000,,The Power of Etiquette - Kiat Sukses Memasuki Pergaulan Modern,9786025849503,Buku Pintar Indonesia ,September - 2019,-,320 gr,Soft Cover,-,Pengembangan Diri,-,Indonesia ··
https://www.bukukita.com/Psikologi-dan-Pengembangan-Diri/Pengembangan-Diri/165469-ICE-BREAKER:-Penyemangat-Belajar-Dari-Membosankan-Menjadi-Rileks.html,Rp 50.000,,ICE BREAKER: Penyemangat Belajar Dari Membosankan Menjadi Rileks,9786232440586,Psikologi Corner ,Maret - 2020,-,240 gr,soft cover,-,Pengembangan Diri,-,Indonesia ··
https://www.bukukita.com/Psikologi-dan-Pengembangan-Diri/Psikologi/166705-Buku-Sakti-Membaca-Karakter.html,Rp 63.500,,Buku Sakti Membaca Karakter,9786232440920,Psikologi Corner ,September - 2020,-,255 gr,soft cover,-,Psikologi,-,Indonesia ··
"https://www.bukukita.com/Agama/Islam/167237-Sebelum-Ijab-Kabul,-Bekal-Untuk-Kehidupan-Rumah-Tangga-yang-Bahagia.html",Rp 69.000,,"Sebelum Ijab Kabul, Bekal Untuk Kehidupan Rumah Tangga yang Bahagia",9786237163565,Alifia Books ,Januari - 2021,320,350 gr,Soft Cover,-,Islam,-,Indonesia ··
https://www.bukukita.com/Buku-Novel/Fiksi/167600-Off-The-Record-3.html,Rp 120.000,,Off The Record 3,9786020653365,Gramedia Pustaka Utama ,Mei - 2021,312,350 gr,Soft Cover,140x210mm,Fiksi,-,Indonesia ·
https://www.bukukita.com/Psikologi-dan-Pengembangan-Diri/Psikologi/168421-OMG-thats-Me.html,Rp 45.800,,OMG thats Me,9786232447936,Psikologi Corner ,Desember - 2021,-,250 gr,Soft Cover,-,Psikologi,-,Indonesia ··
https://www.bukukita.com/Psikologi-dan-Pengembangan-Diri/Pengembangan-Diri/168938-Jurus-Ampuh-Memperbaiki-Cacat-Kepribadian.html,Rp 59.000,,Jurus Ampuh Memperbaiki Cacat Kepribadian,9786237162957,Gemilang ,Juli - 2022,200,350 gr,Soft Cover,-,Pengembangan Diri,-,Indonesia ··
https://www.bukukita.com/Buku-Teks/Kedokteran/168960-Mims-Edisi-Bahasa-Indonesia-Vol.23-Tahun-2022.html,Rp 165.000,,Mims Edisi Bahasa Indonesia Vol.23 Tahun 2022,977190761420123,Bhuana Ilmu Populer ,Juni - 2022,396,450 gr,soft cover,-,Kedokteran,-,Indonesia ·
https://www.bukukita.com/Agama/Islam/168988-Akhlaqul-Karimah.html,Rp 87.000,,Akhlaqul Karimah (Cover Baru),9789799959546,Gema Insani ,Agustus - 2022,-,300 gr,Soft Cover,-,Islam,-,Indonesia ··
https://www.bukukita.com/Agama/Islam/168999-Di-Bawah-Lindungan-Kabah.html,Rp 55.000,,Di Bawah Lindungan Ka'bah,9786022504177,Gema Insani ,Agustus - 2022,-,135 gr,Soft Cover,15x20mm,Islam,-,Indonesia ··
https://www.bukukita.com/Agama/Islam/169017-Bohong-Di-Dunia.html,Rp 52.000,,Bohong Di Dunia (Cover Baru),9786022503828,Gema Insani ,Agustus - 2022,144,250 gr,Soft Cover,-,Islam,-,Indonesia ··
https://www.bukukita.com/Buku-Novel/Fiksi/169019-Menunggu-Beduk-Berbunyi.html,Rp 52.000,,Menunggu Beduk Berbunyi (cover Baru),9786022503842,Gema Insani ,Agustus - 2022,-,130 gr,Soft Cover,15x20mm,Fiksi,-,Indonesia ··
https://www.bukukita.com/Buku-Novel/Fiksi/169050-Tenggelamnya-Kapal-Van-der-Wijck.html,Rp 90.000,,Tenggelamnya Kapal Van der Wijck (Cover Baru),9786022504160,Gema Insani ,Agustus - 2022,-,300 gr,Soft Cover,15x20mm,Fiksi,-,Indonesia ··
https://www.bukukita.com/Sejarah-dan-Budaya/Sejarah-Dunia/169264-Alexandria.html,Rp 89.000,,Alexandria (Cover Baru),9786232201361,Alvabet ,Agustus - 2022,-,305 gr,Soft Cover,13x23mm,Sejarah Dunia,-,Indonesia ··
https://www.bukukita.com/Sejarah-dan-Budaya/Sejarah-Dunia/169265-Andalusia.html,Rp 199.000,,Andalusia,9786232201347,Alvabet ,Agustus - 2022,-,875 gr,Hard Cover,15x24mm,Sejarah Dunia,-,Indonesia ··
https://www.bukukita.com/Biografi-dan-Memoar/Biografi/117578-SUPER-JUNIOR.html,Rp 47.000,,SUPER JUNIOR,9786027618503,Kurniaesa ,September - 2013,188,250 gr,Soft Cover,-,Biografi,-,Indonesia ··
https://www.bukukita.com/Agama/Islam/168310-Syariah-:-Ekonomi-Bisnis-Dan-Bunga-Bank.html,Rp 75.000,,Syariah : Ekonomi Bisnis Dan Bunga Bank,9786237713944,Lentera Hati ,November - 2021,200,200 gr,Soft Cover,-,Islam,-,Indonesia ··
https://www.bukukita.com/Anak-Anak/Dunia-Binatang/132423-Storypedia-Binatang-Darat-Indonesia.html,Rp 95.000,,Storypedia Binatang Darat Indonesia (2015),9786027652446,Lentera Hati ,Februari - 2015,-,370 gr,Soft Cover,-,Dunia Binatang,-,"Indonesia, Arab ··"
https://www.bukukita.com/Agama/Islam/167305-Lentera-Hati:-Pijar-Hikmah-dan-Teladan-Kehidupan.html,Rp 190.000,,Lentera Hati: Pijar Hikmah dan Teladan Kehidupan,9786237713432,Lentera Hati ,Februari - 2021,564,500 gr,Soft Cover,140x210mm,Islam,-,Indonesia ··
https://www.bukukita.com/Agama/Islam/168545-Doa-Dalam-Al-Quran-Dan-Sunnah.html,Rp 75.000,,Doa Dalam Al-Quran Dan Sunnah,9786237713982,Lentera Hati ,Maret - 2022,244,250 gr,Soft Cover,-,Islam,-,Indonesia ··
https://www.bukukita.com/katalogbukuatribut.php?atrId=5&page=1,,,,,,,,,,,,,
https://www.bukukita.com/Buku-Murah-dan-Promo-2021/Promo-Buku-Murah/146960-Empat-Perjanjian.html,Rp 35.000,,Empat Perjanjian,9786021985458,Alvabet ,Agustus - 2013,-,200 gr,Soft Cover,-,Promo Buku Murah,-,Indonesia ··
https://www.bukukita.com/Inspirasi-dan-Spiritual/Spiritualitas/109284-Para-Pembuat-Keajaiban-:-Ajaibnya-Kekuatan-Sentuhan-Tangan-Tuhan.html,Rp 28.000,,Para Pembuat Keajaiban : Ajaibnya Kekuatan Sentuhan Tangan Tuhan,9786027665828,Buku Biru ,Desember - 2012,-,200 gr,Soft Cover,-,Spiritualitas,-,Indonesia ··
https://www.bukukita.com/Inspirasi-dan-Spiritual/Pendidikan-&-Pengajar/153449-DIFERENSIASI:-Memahami-Pelajar-untuk-Belajar-Bermakna-&-Menyenangkan.html,Rp 90.000,,DIFERENSIASI: Memahami Pelajar untuk Belajar Bermakna & Menyenangkan,9786028740524,Literati-books ,November - 2017,-,300 gr,Soft Cover,-,Pendidikan & Pengajar,-,Indonesia ··
https://www.bukukita.com/Buku-Teks/Manajemen/166711-Dasar-Dasar-Ilmu-Manajemen.html,Rp 50.000,,Dasar-Dasar Ilmu Manajemen,9786237115526,Anak Hebat Indonesia ,September - 2020,-,205 gr,soft cover,-,Manajemen,-,Indonesia ··
https://www.bukukita.com/katalogbukuatribut.php?atrId=2&page=1,,,,,,,,,,,,,
https://www.bukukita.com/Sains-dan-Teknologi/Sains-Umum/169263-Kecerdasaan-Matematis.html,Rp 115.000,,Kecerdasaan Matematis,9786232201378,Alvabet ,Agustus - 2022,-,370 gr,Soft Cover,13x20mm,Sains Umum,-,Indonesia ··
https://www.bukukita.com/Agama/Islam/89402-Dahsyatnya-Ibadah-Siang.html,Rp 45.000,,Dahsyatnya Ibadah Siang (Disc 50%),979,QultumMedia ,Februari - 2011,194,220 gr,Soft Cover,-,Islam,-,Indonesia ··
